{"cameraMode":{"drawMode":0,"name":"Shaded","section":"Shading Mode"},"sceneLighting":false,"audioPlay":false,"sceneViewState":{"m_AlwaysRefresh":false,"showFog":true,"showSkybox":false,"showFlares":true,"showImageEffects":true,"showParticleSystems":true,"showVisualEffectGraphs":true,"m_FxEnabled":true},"in2DMode":false,"pivot":{"x":1.3432002067565919,"y":1.0918750762939454,"z":0.24596120417118073},"rotation":{"x":-0.15688075125217439,"y":0.7936396598815918,"z":-0.23020046949386598,"w":-0.5408624410629273},"size":2.1232986450195314,"orthographic":false}